Early Riser,0.99 ,2022-10-19 19:02:28
Early Riser,28.99 ,2022-10-19 19:09:03
Early Riser,28.99 ,2022-10-19 19:09:23
Early Riser,28.99 ,2022-10-19 19:09:43
Early Riser,28.99 ,2022-10-19 19:10:03
Early Riser,0.99 ,2022-10-19 19:10:23
Early Riser,28.99 ,2022-10-19 19:10:43
Early Riser,28.99 ,2022-10-19 19:11:04
Early Riser,28.99 ,2022-10-19 19:11:24
Early Riser,28.99 ,2022-10-19 19:11:44
Early Riser,28.99 ,2022-10-19 19:12:04
Early Riser,28.99 ,2022-10-19 19:12:24
Early Riser,28.99 ,2022-10-19 19:12:44
Early Riser,28.99 ,2022-10-19 19:12:50
Early Riser,28.99 ,2022-10-19 19:13:10
Early Riser,28.99 ,2022-10-19 19:13:30
Early Riser,28.99 ,2022-10-19 19:13:50
Early Riser,0.99 ,2022-10-19 19:14:10
Early Riser,28.99 ,2022-10-19 19:14:30
